[mio cells/mL],[mio cells/mL],[1/mL],[1/mL],[1/day],[1/day],,
Chlorella,Chlorella-error,Brachionus,Brachionus-error,delta,meandelta,day#,chemostat
1.4164,0.0102,8.2,0.4,0.036719907,0.039445055,20,5p4
1.4001,0.0099,10.25,0.25,0.033966342,0.039445055,21,5p4
1.3685,0.028,8.4,1.8,0.040810735,0.039445055,22,5p4
1.2441,0.0081,10,0,0.037930743,0.039445055,23,5p4
1.208,0.0884,9.613636364,0.613636364,0.038254328,0.039445055,24,5p4
1.2077,0.0039,7.8,1.8,0.037138215,0.039445055,25,5p4
1.04635,0.02745,8.4,0.2,0.037248958,0.039445055,26,5p4
1.01259,0.03521,8,1,0.034542521,0.039445055,27,5p4
0.9995,0.0095,8.4,1.4,0.038736007,0.039445055,28,5p4
1.051425,0.100175,6.1,0.9,0.041733914,0.039445055,29,5p4
1.0998,0.0104,6.1,1.3,0.041647687,0.039445055,30,5p4
1.30395,0.06795,5.7,0.3,0.041629579,0.039445055,31,5p4
1.2266,0.0245,5.2,0.2,0.042498436,0.039445055,32,5p4
1.21085,0.01465,4.4,0.2,0.039756601,0.039445055,33,5p4
1.1601,0.009,8.3,1.7,0.040796751,0.039445055,34,5p4
1.0064,0.0199,6.9,0.5,0.04252633,0.039445055,35,5p4
1.16125,0.02925,7.4,0.2,0.040150789,0.039445055,36,5p4
1.0773,0.0197,7.5,0.7,0.040614392,0.039445055,37,5p4
1.0952,0.0253,6.416666667,0.583333333,0.03913712,0.039445055,38,5p4
1.022,0.0115,5.3,1.7,0.040314961,0.039445055,39,5p4
1.0627,0.0291,8.8,1.6,0.040820819,0.039445055,40,5p4
1.082,0.009,6.2,1.4,0.037858373,0.039445055,41,5p4
1.03219,0.04531,8,1,0.042316455,0.039445055,42,5p4
1.2913,0.1199,5.4,0.4,0.037607239,0.039445055,43,5p4
1.1504,0.0746,4.9,0.5,0.044619423,0.039445055,44,5p4
1.3729,0.0219,7.9,0.9,0.040688694,0.039445055,45,5p4
1.46095,0.13555,7.1,0.7,0.037687597,0.039445055,46,5p4
1.21,0.0839,6.2,1,0.044269723,0.039445055,47,5p4
1.1449,0.0899,6.7,0.3,0.033670624,0.039445055,48,5p4
1.21205,0.01395,7,1.6,0.043030674,0.039445055,49,5p4
1.2087,0.0437,7.8,0.4,0.040122373,0.039445055,50,5p4
1.25125,0.01735,8.7,1.3,0.040874487,0.039445055,51,5p4
1.17215,0.03465,8.8,2.6,0.036694442,0.039445055,52,5p4
1.06095,0.00495,9.8,0.2,0.041081821,0.039445055,53,5p4
1.01655,0.01265,10.3,0.3,0.042436801,0.039445055,54,5p4
1.0634,0.034,9.1,0.7,0.040330325,0.039445055,55,5p4
1.20815,0.12335,10.4,1.8,0.038241426,0.039445055,56,5p4
1.357,0.0115,9.493877551,0.106122449,0.038688077,0.039445055,57,5p4
1.56015,0.08635,5.4,2.8,0.038206733,0.039445055,58,5p4
1.37275,0.00435,6.408695652,1.191304348,0.041003171,0.039445055,59,5p4
1.3828,0.0146,5.008695652,0.208695652,0.04020774,0.039445055,60,5p4
1.3135,0.0054,5.7,1.7,0.038536359,0.039445055,61,5p4
1.357,0.0684,6.5,0.7,0.038454496,0.039445055,62,5p4
1.3435,0.0343,6.3,0.5,0.041432093,0.039445055,63,5p4
1.45825,0.00235,7.8,0.2,0.043211062,0.039445055,64,5p4
1.38265,0.02075,7.6,0.4,0.035267753,0.039445055,65,5p4
1.32615,0.00735,8.1,0.1,0.058673132,0.039445055,66,5p4
1.1836,0.079,5.5,0.7,0.019659441,0.039445055,67,5p4
1.05735,0.01915,10.8,0.6,0.039732221,0.039445055,68,5p4
0.99461,0.01549,8.8,0,0.040030301,0.039445055,69,5p4
1.0413,0.0079,8.3,0.9,0.040977021,0.039445055,70,5p4
1.26675,0.02185,10.2,0.2,0.040074514,0.039445055,71,5p4
1.162,0.0668,8.2,0.6,0.038884028,0.039445055,72,5p4
1.4185,0.0861,9,0.4,0.038992915,0.039445055,73,5p4
1.1205,0.0151,8.1,1.1,0.038074489,0.039445055,74,5p4
1.35825,0.02725,7.2,0.4,0.040264853,0.039445055,75,5p4
1.4739,0.014,7.7,0.7,0.042496445,0.039445055,76,5p4
1.33435,0.02115,5.3,0.7,0.031474206,0.039445055,77,5p4
1.3311,0.0741,7.3,0.5,0.033584319,0.039445055,78,5p4
1.39225,0.05665,7.7,2.3,0.047977078,0.039445055,79,5p4
1.28305,0.02655,8.245833333,0.954166667,0.039952723,0.039445055,80,5p4
1.4686,0.0258,8.3,0.7,0.039125544,0.039445055,81,5p4
1.28195,0.00415,9,0,0.038884028,0.039445055,82,5p4
1.1619,0.0637,7.1,1.5,0.03849296,0.039445055,83,5p4
1.1598,0.0158,8.4,0.8,0.040055553,0.039445055,84,5p4
1.2853,0.1495,8.5,0.7,0.037822292,0.039445055,85,5p4
1.15785,0.02395,8.7,0.1,0.03923385,0.039445055,86,5p4
1.1041,0.0155,11.4,2.6,0.041587035,0.039445055,87,5p4
1.4426,0.0138,12.2,1,0.024996875,0.039445055,88,5p4
1.06405,0.01745,10.5,0.9,0.054692326,0.039445055,89,5p4
1.2184,0.0315,12.9,0.7,0.036316668,0.039445055,90,5p4
1.133,0.0738,11.5,0.3,0.039964793,0.039445055,91,5p4
1.18415,0.00875,10,1.6,0.040686132,0.039445055,92,5p4
1.16845,0.02935,9.3,2.1,0.040350828,0.039445055,93,5p4
1.1927,0.0022,10.1,0.1,0.038804184,0.039445055,94,5p4
1.18465,0.01875,10.2,0.2,0.037694756,0.039445055,95,5p4
1.19275,0.05725,9.2,0.6,0.043132982,0.039445055,96,5p4
1.3169,0.032,8.3,0.9,0.035185672,0.039445055,97,5p4
1.05595,0.02555,13.1,0.3,0.04002147,0.039445055,98,5p4
1.07955,0.00135,9.4,0.6,0.03581185,0.039445055,99,5p4
0.93219,0.00281,11.7,0.9,0.039216888,0.039445055,100,5p4
1.1578,0.0777,9.3,0.7,0.040466034,0.039445055,101,5p4
1.03035,0.01025,8.5,0.7,0.038764385,0.039445055,102,5p4
1.03586,0.05724,10.6,0.6,0.036217239,0.039445055,103,5p4
1.032825,0.152575,8,0.4,0.038596904,0.039445055,104,5p4
1.04505,0.00905,9.8,1.4,0.03825986,0.039445055,105,5p4
1.1601,0.0311,8,0.6,0.042977905,0.039445055,106,5p4
0.74325,0.05713,19.68636364,0.086363636,0.064170083,0.070246785,180,5y3low
0.79156,0.03656,19.6,1.4,0.075698576,0.070246785,181,5y3low
0.688185,0.050435,23.22916667,1.770833333,0.063433329,0.070246785,182,5y3low
1.0199,0.1109,26.7,1.9,0.068577457,0.070246785,183,5y3low
0.75075,0.0015,25.72916667,0.520833333,0.075485661,0.070246785,184,5y3low
0.871065,0.049685,18.8,1,0.068901719,0.070246785,185,5y3low
0.721125,0.062625,22.6,2,0.072513503,0.070246785,186,5y3low
0.70575,0.01587,22.8,3.6,0.0679145,0.070246785,187,5y3low
0.678835,0.101165,24.3,1.1,0.075410719,0.070246785,188,5y3low
1.00424,0.07536,26.2,1.2,0.073232475,0.070246785,189,5y3low
0.84006,0.05956,18.3,1.1,0.067783845,0.070246785,190,5y3low
0.87475,0.01675,22.7,1.5,0.073649755,0.070246785,191,5y3low
0.88238,0.0315,16.3,1.7,0.066382979,0.070246785,192,5y3low
1.01899,0.06511,25.12083333,0.920833333,0.068128362,0.070246785,193,5y3low
0.849685,0.002065,12.3,2.1,0.076723617,0.070246785,194,5y3low
0.728375,0.010125,23.9,1.5,0.072217555,0.070246785,195,5y3low
1.1501,0.051,21.8,1.6,0.069863449,0.070246785,196,5y3low
0.96519,0.11031,16.5,0.7,0.071808511,0.070246785,197,5y3low
0.90769,0.00581,23.475,0.275,0.071006821,0.070246785,198,5y3low
1.02855,0.00165,20.8,4.4,0.068194217,0.070246785,199,5y3low
0.88381,0.02131,24,1.2,0.08691318,0.070246785,200,5y3low
0.81169,0.05119,18.3,1.1,0.056863953,0.070246785,201,5y3low
0.79694,0.01206,23.5,1.1,0.075093867,0.070246785,202,5y3low
1.2942,0.1047,24.375,1.375,0.065049465,0.070246785,203,5y3low
1.00786,0.02074,21.625,2.875,0.071791253,0.070246785,204,5y3low
0.98945,0.05045,23.625,3.875,0.071885974,0.070246785,205,5y3low
1.19239,0.30551,13.06944444,0.819444444,0.066604995,0.070246785,206,5y3low
0.84106,0.02456,23,3.75,0.07525196,0.070246785,207,5y3low
0.937775,0.079025,18.07860825,1.171391753,0.072976129,0.070246785,208,5y3low
0.92162,0.0735,20.875,1.125,0.064583259,0.070246785,209,5y3low
1.25666,0.30454,19.375,3.375,0.072373932,0.070246785,210,5y3low
0.94839,0.06201,19.875,1.125,0.068495417,0.070246785,211,5y3low
0.879185,0.013565,20.875,1.375,0.073320751,0.070246785,212,5y3low
0.9975,0.0325,18.625,0.625,0.064708545,0.070246785,213,5y3low
0.885815,0.041565,20,0.25,0.078097622,0.070246785,214,5y3low
0.82825,0.01263,20.125,2.375,0.064015339,0.070246785,215,5y3low
0.844565,0.017185,25.5,1.5,0.069971752,0.070246785,216,5y3low
0.939565,0.003685,17.875,1.125,0.072976129,0.070246785,217,5y3low
1.23645,0.03995,21,3.5,0.068495417,0.070246785,218,5y3low
1.1653,0.0318,20.5,2,0.074316699,0.070246785,219,5y3low
1.38755,0.01005,18.25,1.75,0.069723045,0.070246785,220,5y3low
0.92394,0.00844,19.875,0.375,0.060390863,0.070246785,221,5y3low
1.052875,0.182125,20.75,0.75,0.074364801,0.070246785,222,5y3low
0.94837,0.03825,14.875,1.125,0.070831524,0.070246785,223,5y3low
1.48755,0.20545,19.375,1.875,0.06852502,0.070246785,224,5y3low
1.14295,0.06215,17.625,0.875,0.073548726,0.070246785,225,5y3low
1.05705,0.02415,21.5,0.5,0.070556139,0.070246785,226,5y3low
0.87625,0.06925,14.375,1.375,0.07201749,0.070246785,227,5y3low
0.98299,0.02011,20.625,0.625,0.062560445,0.070246785,228,5y3low
1.1175,0.0266,17.75,0,0.078049072,0.070246785,229,5y3low
0.942875,0.022375,17.25,3.75,0.066443221,0.070246785,230,5y3low
0.95306,0.03256,16.38157895,1.118421053,0.068061837,0.070246785,231,5y3low
1.1281,0.0557,18,0.25,0.072922606,0.070246785,232,5y3low
0.958815,0.001935,16.5,2,0.067473348,0.070246785,233,5y3low
1.1274,0.1028,12.73684211,1.736842105,0.06871944,0.070246785,234,5y3low
1.09415,0.01895,16.5,2.75,0.070921986,0.070246785,235,5y3low
1.10785,0.07795,18.5,4.25,0.068258461,0.070246785,236,5y3low
1.1477,0.0172,22,0,0.072478941,0.070246785,237,5y3low
0.993675,0.053925,11.25,1,0.068437942,0.070246785,238,5y3low
0.963325,0.047075,17.125,0.375,0.068909666,0.070246785,239,5y3low
1.02519,0.04931,13.75,2.75,0.066928321,0.070246785,240,5y3low
1.2803,0.0822,18.125,2.125,0.073454914,0.070246785,241,5y3low
1.35305,0.03955,13.125,0.875,0.067086905,0.070246785,242,5y3low
1.28865,0.04785,10.1875,0.8125,0.112382165,0.121965898,20,5o3low
1.3183,0.0562,10.1875,1.1875,0.122428796,0.121965898,21,5o3low
1.1957,0.0318,11.0625,0.3125,0.123108734,0.121965898,22,5o3low
1.2212,0.0002,6.3125,0.8125,0.123373347,0.121965898,23,5o3low
1.1482,0.0302,7.1875,0.9375,0.123375296,0.121965898,24,5o3low
1.4066,0.0462,10.4375,0.9375,0.120947905,0.121965898,25,5o3low
1.16855,0.00445,10.25,1.5,0.123200171,0.121965898,26,5o3low
1.275,0.009,9.375,0.125,0.119036372,0.121965898,27,5o3low
1.35675,0.02085,8.1875,0.8125,0.121427568,0.121965898,28,5o3low
1.32255,0.06935,6.5625,0.8125,0.120071471,0.121965898,29,5o3low
1.36325,0.00465,8.125,0.25,0.123647111,0.121965898,30,5o3low
1.68405,0.27555,7,2.125,0.119090981,0.121965898,31,5o3low
1.4532,0.0167,11.875,0,0.124813929,0.121965898,32,5o3low
1.50615,0.01675,10.375,0.625,0.120744812,0.121965898,33,5o3low
1.37865,0.03455,11.83653846,0.086538462,0.12244771,0.121965898,34,5o3low
1.32745,0.03845,9.013157895,0.460526316,0.121113428,0.121965898,35,5o3low
1.34165,0.01445,8.4375,1.0625,0.119141415,0.121965898,36,5o3low
1.42455,0.02705,9.1875,1.4375,0.125848543,0.121965898,37,5o3low
1.6917,0.0157,4.594936709,0.594936709,0.118816883,0.121965898,38,5o3low
1.70255,0.00455,6.911184211,0.463815789,0.112996884,0.121965898,39,5o3low
1.4653,0.0242,6.9375,0.5625,0.128648005,0.121965898,40,5o3low
1.44025,0.00025,6.375,0.875,0.123592587,0.121965898,41,5o3low
1.42295,0.02095,5.9375,0.3125,0.117116111,0.121965898,42,5o3low
1.3132,0.0123,12.30357143,1.553571429,0.127171459,0.121965898,43,5o3low
1.3639,0.0185,10.5,2.25,0.108042972,0.121965898,44,5o3low
1.59675,0.06415,6.0625,0.1875,0.12425844,0.121965898,45,5o3low
1.63105,0.01355,8.75,0.875,0.114309008,0.121965898,46,5o3low
1.91505,0.27345,7.5625,0.8125,0.126492723,0.121965898,47,5o3low
1.88745,0.01405,9.8125,0.1875,0.12825403,0.121965898,48,5o3low
1.56545,0.04705,6.3125,0.6875,0.131775779,0.121965898,49,5o3low
1.3925,0.0457,11.375,1.375,0.110865952,0.121965898,50,5o3low
1.2347,0.0307,7.75,0.5,0.129758333,0.121965898,51,5o3low
1.8021,0.1679,11.46993671,3.719936709,0.125371641,0.121965898,52,5o3low
1.3835,0.016,13.5443038,0.632911392,0.131689752,0.121965898,53,5o3low
1.2899,0.0419,14.375,1.75,0.112382165,0.121965898,54,5o3low
1.2493,0.0221,10.625,2.5,0.125821578,0.121965898,55,5o3low
1.17915,0.00565,10.5625,2.0625,0.133924938,0.121965898,56,5o3low
1.36085,0.01095,14.125,0.75,0.084151183,0.121965898,57,5o3low
1.2849,0.0009,10.625,1.25,0.127581272,0.121965898,58,5o3low
1.3785,0.0409,13.3125,0.3125,0.122521909,0.121965898,59,5o3low
1.4663,0.0081,13.5625,0.3125,0.120671079,0.121965898,60,5o3low
1.39095,0.02045,7.6875,0.1875,0.114605441,0.121965898,61,5o3low
1.51185,0.08675,7.704479065,0.396786758,0.120742943,0.121965898,62,5o3low
1.31555,0.01665,13.9375,0.4375,0.134902351,0.121965898,63,5o3low
1.3747,0.0272,14.07142857,1.357142857,0.111230463,0.121965898,64,5o3low
1.2744,0.0154,7.214285714,0.642857143,0.13014117,0.121965898,65,5o3low
1.28395,0.11715,12.14285714,0.714285714,0.118848953,0.121965898,66,5o3low
1.3098,0.0162,6.5,0.785714286,0.127346852,0.121965898,67,5o3low
1.4452,0.1082,11.78571429,1.785714286,0.120047746,0.121965898,68,5o3low
1.489,0.0028,10.44047619,7.273809524,0.11683728,0.121965898,69,5o3low
1.21805,0.03195,9.4375,1.4375,0.127339379,0.121965898,70,5o3low
1.51895,0.00905,9.5625,0.9375,0.126063211,0.121965898,71,5o3low
1.29595,0.09305,3.892857143,0.392857143,0.119811012,0.121965898,72,5o3low
1.1773,0.0241,13.125,1.375,0.128983264,0.121965898,73,5o3low
1.1832,0.0127,10.3125,1.9375,0.132171865,0.121965898,74,5o3low
1.226,0.1101,13.9375,1.4375,0.109902153,0.121965898,75,5o3low
1.2295,0.0503,16.21428571,3.071428571,0.129576979,0.121965898,76,5o3low
1.2372,0.0338,9.583333333,3.416666667,0.118301141,0.121965898,77,5o3low
1.179,0.0028,11.58333333,1.916666667,0.123459142,0.121965898,78,5o3low
1.17725,0.01985,16.08333333,1.083333333,0.124719399,0.121965898,79,5o3low
1.2017,0.0387,4.69047619,0.976190476,0.126271214,0.121965898,80,5o3low
1.24565,0.00955,15.53571429,1.035714286,0.120327487,0.121965898,81,5o3low
1.30525,0.00265,14.91666667,0.583333333,0.123202114,0.121965898,82,5o3low
1.15235,0.02475,11.41666667,1.25,0.122739726,0.121965898,83,5o3low
1.2412,0.0528,11.5,0.333333333,0.121113428,0.121965898,84,5o3low
1.06985,0.01965,12.66666667,1.666666667,0.127967327,0.121965898,85,5o3low
1.10065,0.01155,18.92857143,0.785714286,0.116220225,0.121965898,86,5o3low
1.1104,0.0045,15.91666667,1.916666667,0.125168203,0.121965898,87,5o3low
1.1127,0.0298,12.25,1.416666667,0.123684095,0.121965898,88,5o3low
1.08585,0.00005,14.16666667,0.666666667,0.122750637,0.121965898,89,5o3low
1.08065,0.01185,8.833333333,1.333333333,0.124014318,0.121965898,90,5o3low
1.0258,0.0052,9.583333333,0.416666667,0.11724707,0.121965898,91,5o3low
1.06145,0.02495,7.333333333,2.333333333,0.128193016,0.121965898,92,5o3low
1.1195,0.0449,10.91666667,2.083333333,0.117068412,0.121965898,93,5o3low
1.103,0.0132,12.83333333,0.833333333,0.124029871,0.121965898,94,5o3low
0.90481,0.10519,30.1,0.7,0.315496249,0.320281314,107,5o3high
0.79369,0.08181,32.2,1.2,0.311919613,0.320281314,108,5o3high
1.03585,0.00695,30.1,2.1,0.323922134,0.320281314,109,5o3high
1.14635,0.05385,31,0.4,0.312464621,0.320281314,110,5o3high
1.02119,0.02181,27.9,0.3,0.324764741,0.320281314,111,5o3high
1.1085,0.0886,25.9,2.5,0.310529667,0.320281314,112,5o3high
0.939375,0.014875,25.875,2.125,0.318161732,0.320281314,113,5o3high
0.81187,0.01475,29.1,1.9,0.313304676,0.320281314,114,5o3high
0.905935,0.003315,28.8,0.6,0.324605514,0.320281314,115,5o3high
0.721125,0.022375,34.2,2.4,0.312934146,0.320281314,116,5o3high
0.892,0.05475,24.8,2.2,0.311726097,0.320281314,117,5o3high
0.808175,0.240425,32.8,0.2,0.320985653,0.320281314,118,5o3high
0.71669,0.01331,29.9,0.1,0.312986301,0.320281314,119,5o3high
0.97311,0.06399,32.5,4.5,0.315816957,0.320281314,120,5o3high
0.69294,0.01956,16.4,3.4,0.319436504,0.320281314,121,5o3high
0.66825,0.00563,40,3.6,0.31152477,0.320281314,122,5o3high
0.89862,0.078,36.375,2.375,0.323860151,0.320281314,123,5o3high
0.954685,0.003935,24.6,1.8,0.312328767,0.320281314,124,5o3high
0.78163,0.02625,32,2.6,0.318542308,0.320281314,125,5o3high
0.749935,0.044685,26.5,1.9,0.30628732,0.320281314,126,5o3high
0.82156,0.00794,31.3,1.7,0.323472192,0.320281314,127,5o3high
0.70919,0.01169,32.1,0.7,0.310461604,0.320281314,128,5o3high
0.7445,0.053,32.6,5.4,0.319409425,0.320281314,129,5o3high
1.01305,0.00515,33.875,0.125,0.3099206,0.320281314,130,5o3high
0.967025,0.051275,34.875,3.625,0.324263464,0.320281314,131,5o3high
0.818435,0.046315,37.375,2.875,0.306423727,0.320281314,132,5o3high
0.68275,0.061,28.5,1,0.28302561,0.320281314,133,5o3high
0.64531,0.04481,31.625,3.375,0.357144917,0.320281314,134,5o3high
0.680435,0.033815,34.625,3.875,0.315736719,0.320281314,135,5o3high
0.695625,0.042375,32.625,1.375,0.319342096,0.320281314,136,5o3high
0.68606,0.06706,34.75,0.75,0.316859023,0.320281314,137,5o3high
0.805625,0.005875,33.68055556,2.430555556,0.322120199,0.320281314,138,5o3high
1.04114,0.28126,32.5,1.25,0.331411363,0.320281314,139,5o3high
0.78475,0.01013,33.125,0.875,0.313542613,0.320281314,140,5o3high
0.59988,0.011,38,0.75,0.334182111,0.320281314,141,5o3high
0.46769,0.02169,33.75,1.5,0.321121376,0.320281314,142,5o3high
0.584185,0.018065,28.75,3.5,0.324362204,0.320281314,143,5o3high
0.6525,0.01775,33.44827586,0.344827586,0.327764784,0.320281314,144,5o3high
0.77587,0.01425,34.50123153,3.429802956,0.315984576,0.320281314,145,5o3high
0.71462,0.0135,32.14285714,3.928571429,0.329192437,0.320281314,146,5o3high
1.00154,0.09416,31.14285714,4.357142857,0.315513832,0.320281314,147,5o3high
0.714565,0.025185,34.43681319,0.206043956,0.321422785,0.320281314,148,5o3high
0.6025,0.012,38.73809524,1.595238095,0.320352078,0.320281314,149,5o3high
0.648,0.00238,35.44827586,1.448275862,0.319541515,0.320281314,150,5o3high
0.620935,0.083685,37.62643678,0.040229885,0.316348484,0.320281314,151,5o3high
0.57756,0.02206,31.66666667,1.333333333,0.330120074,0.320281314,152,5o3high
0.84325,0.0505,32.3452381,6.988095238,0.325617549,0.320281314,153,5o3high
0.749185,0.026435,40.38461538,1.923076923,0.317948057,0.320281314,154,5o3high
0.781375,0.012625,36.07142857,0.714285714,0.316625156,0.320281314,155,5o3high
1.038325,0.069075,31.25,0.535714286,0.324377401,0.320281314,156,5o3high
0.7475,0.00525,32.75862069,4.137931034,0.323063322,0.320281314,157,5o3high
0.799875,0.010125,33.21428571,0,0.318205227,0.320281314,158,5o3high
0.78938,0.0335,29.68253968,7.46031746,0.317174488,0.320281314,159,5o3high
0.733685,0.027435,26.25,9.107142857,0.316950969,0.320281314,160,5o3high
0.811435,0.042685,33.92857143,0.357142857,0.326725091,0.320281314,161,5o3high
0.68925,0.03375,31.96428571,2.321428571,0.313884661,0.320281314,162,5o3high
0.708875,0.018625,31.86206897,0.137931034,0.326465126,0.320281314,163,5o3high
0.563775,0.011105,35.36330049,5.708128079,0.319558657,0.320281314,164,5o3high
0.65475,0.0225,35.17241379,0,0.307381985,0.320281314,165,5o3high
0.766935,0.049315,29.64285714,1.785714286,0.333090013,0.320281314,166,5o3high
0.68994,0.05194,27.86945813,1.4408867,0.324298444,0.320281314,167,5o3high
1.14246,0.14534,34.48275862,2.068965517,0.332597857,0.320281314,168,5o3high
1.000975,0.008225,43.75,0.892857143,0.324510428,0.320281314,169,5o3high
0.876605,0.080725,36.37931034,2.24137931,0.32763889,0.320281314,170,5o3high
0.59656,0.07806,26.25,14.82142857,0.333733394,0.320281314,171,5o3high
0.74394,0.05794,48.92142857,4.278571429,0.312569542,0.320281314,172,5o3high
0.81113,0.01525,37.5,5,0.332796713,0.320281314,173,5o3high
0.66138,0.205,45.22727273,5.227272727,0.326741864,0.320281314,174,5o3high
0.55625,0.032,41.03448276,4.482758621,0.320023317,0.320281314,175,5o3high
0.90629,0.22091,23.62068966,2.24137931,0.323608153,0.320281314,176,5o3high
0.744935,0.043685,34.82758621,0.689655172,0.321370501,0.320281314,177,5o3high
0.779935,0.046685,39.64285714,0.357142857,0.328984706,0.320281314,178,5o3high
0.555,0.02188,41.49630542,4.710591133,0.316306562,0.320281314,179,5o3high
0.722125,0.104625,25.35714286,1.785714286,0.330046373,0.320281314,180,5o3high
0.688315,0.038935,43.75,11.96428571,0.321023144,0.320281314,181,5o3high
0.711685,0.021935,21.89655172,5,0.326238145,0.320281314,182,5o3high
0.70813,0.04775,28.1773399,3.891625616,0.313240134,0.320281314,183,5o3high
0.826685,0.108565,17.83333333,6.833333333,0.328508862,0.643073313,184,5o3high
4.3402,0.0386,3.3125,0.8125,0.628403854,0.643073313,20,tan
4.4481,0.0199,1.6875,0.1875,0.635984032,0.643073313,21,tan
4.5173,0.0651,2.1875,0.0625,0.630222679,0.643073313,22,tan
4.1006,0.0014,1.4375,0.4375,0.9223373,0.643073313,23,tan
4.38635,0.02175,1.5625,0.6875,0.616765107,0.643073313,24,tan
4.4978,0.1332,2.375,0.25,0.633724646,0.643073313,25,tan
4.2522,0.0473,2.5,0.125,0.627807268,0.643073313,26,tan
4.5905,0.0706,2.0625,0.1875,0.629495122,0.643073313,27,tan
4.3145,0.0217,4.0625,0.5625,0.629876921,0.643073313,28,tan
4.4543,0.1617,2.9375,1.0625,0.643599156,0.643073313,29,tan
4.01995,0.11385,1.4375,0.0625,0.63328155,0.643073313,30,tan
4.1817,0.0202,3.0625,0.0625,0.629766986,0.643073313,31,tan
3.9401,0.071,4.6875,0.1875,0.63573073,0.643073313,32,tan
3.8322,0.0126,2.375,0,0.636619085,0.643073313,33,tan
3.74315,0.06105,3.875,2.25,0.63978087,0.643073313,34,tan
3.5807,0.0638,3.4375,1.1875,0.633826763,0.643073313,35,tan
3.6817,0.0591,8.5,1.5,0.633292357,0.643073313,36,tan
3.57685,0.00865,8.875,0.125,0.639599555,0.643073313,37,tan
3.4074,0.003,8.25,0.75,0.655021834,0.643073313,38,tan
3.08125,0.01235,6.875,0.25,0.64722779,0.643073313,39,tan
2.9119,0.1345,4.0625,0.4375,0.643026408,0.643073313,40,tan
3.28375,0.08365,5.4375,1.5625,0.62806063,0.643073313,41,tan
3.27215,0.06375,10,1.25,0.634060786,0.643073313,42,tan
3.1427,0.0199,6.375,1.625,0.638818412,0.643073313,43,tan
3.2451,0.0007,10.875,1.125,0.635452981,0.643073313,44,tan
3.0588,0.0053,7.75,0.25,0.637261356,0.643073313,45,tan
3.0271,0.0321,10.125,1.125,0.626825576,0.643073313,46,tan
2.9176,0.0415,11,0.125,0.626606939,0.643073313,47,tan
2.8865,0.0433,9.1875,0.6875,0.631074799,0.643073313,48,tan
2.78055,0.02205,9.6875,0.3125,0.62989941,0.643073313,49,tan
2.69485,0.01425,10.4375,0.9375,0.637507597,0.643073313,50,tan
2.83495,0.08605,8.4375,0.0625,0.631886367,0.643073313,51,tan
2.3613,0.0427,9.875,1.875,0.638042269,0.643073313,52,tan
2.6912,0.0977,3.3125,1.8125,0.650751943,0.643073313,53,tan
2.5835,0.0586,8,0.375,0.655483871,0.643073313,54,tan
2.5477,0.1512,10.625,1.25,0.647731654,0.643073313,55,tan
2.4852,0.0282,4.25,2,0.633528701,0.643073313,56,tan
2.359,0.0242,9.8125,0.5625,0.64829967,0.643073313,57,tan
2.05565,0.05045,5.9375,0.0625,0.648796002,0.643073313,58,tan
1.3967,0.0272,5.125,1,0.642974303,0.643073313,59,tan
1.454,0.0059,3.875,0.5,0.635235732,0.643073313,60,tan
1.6944,0.0004,2.75,0.5,0.633874354,0.643073313,61,tan
1.9038,0.0094,1.9375,0.1875,0.637606708,0.643073313,62,tan
2.247,0.0819,2.875,0.125,0.636395512,0.643073313,63,tan
2.22535,0.01655,1,0.375,0.632674298,0.643073313,64,tan
2.6916,0.0702,1.3125,0.3125,0.638482602,0.643073313,65,tan
2.6715,0.0947,0.5,0,0.634014758,0.643073313,66,tan
3.36665,0.09425,1.125,0.375,0.663415652,0.643073313,67,tan
4.34915,0.10405,0.875,0.125,0.643808751,0.643073313,68,tan
3.95435,0.11685,1.5,0.5,0.648015986,0.643073313,69,tan
4.5098,0.0617,1.125,0.25,0.641640628,0.643073313,70,tan
3.924,0.1745,1.1875,0.5625,0.633431085,0.643073313,71,tan
3.42795,0.14585,2.8125,0.5625,0.63942288,0.643073313,72,tan
3.0729,0.0843,2.75,0,0.639623425,0.643073313,73,tan
3.29585,0.15675,3.5,1,0.632104991,0.643073313,74,tan
3.33735,0.14925,5.625,0.125,0.629165556,0.643073313,75,tan
3.00895,0.05605,7.25,0.625,0.62391211,0.643073313,76,tan
3.44245,0.05145,4.125,0.25,0.639784946,0.643073313,77,tan
3.2657,0.0738,2.125,1,0.629534546,0.643073313,78,tan
3.5026,0.0192,5.4375,0.0625,0.637912287,0.643073313,79,tan
3.4867,0.4711,8.25,0.125,0.64171123,0.643073313,80,tan
3.0717,0.0288,6.125,1.375,0.656641029,0.643073313,81,tan
3.03585,0.04395,9.0625,0.5625,0.641818486,0.643073313,82,tan
2.80605,0.04415,9.9375,0.8125,0.641154077,0.643073313,83,tan
3.17345,0.06305,8.375,0.75,0.641203246,0.643073313,84,tan
2.15775,0.13625,16.4375,0.6875,0.639187575,0.643073313,85,tan
1.65325,0.06025,14.5,1,0.63483871,0.643073313,86,tan
1.4741,0.017,11.4375,1.5625,0.636782572,0.643073313,87,tan
1.54775,0.03165,16.625,0.75,0.630380505,0.643073313,88,tan
1.6378,0.0453,13.0625,2.6875,0.633480097,0.643073313,89,tan
1.7232,0.0754,16.0625,1.5625,0.638603748,0.643073313,90,tan
1.6235,0.0061,14.4375,1.1875,0.629257914,0.643073313,91,tan
2.7697,0.0445,12.55,0.05,0.635824658,0.643073313,92,tan
1.55455,0.00935,11.75,1.5,0.654017781,0.643073313,93,tan
1.82865,0.05155,16.625,0.75,0.653576438,0.643073313,94,tan
1.482,0.151,6.8,1.2,0.65006746,0.643073313,95,tan
1.35015,0.09125,14.75,1.125,0.64516129,0.643073313,96,tan
1.42625,0.07615,11.92857143,0.357142857,0.637676821,0.643073313,97,tan
1.56605,0.04605,10,1.666666667,0.64337414,0.643073313,98,tan
1.79615,0.04735,12.52913753,1.317016317,0.639670556,0.643073313,99,tan
1.46195,0.15255,11,0.25,0.640503086,0.643073313,100,tan
1.2573,0.0039,10.9375,1.1875,0.638805021,0.643073313,101,tan
1.2987,0.0248,5.583333333,1.416666667,0.637053339,0.643073313,102,tan
1.31025,0.09575,4.083333333,1.583333333,0.636746143,0.643073313,103,tan
1.1176,0.0036,9.75,1,0.637029005,0.643073313,104,tan
1.3792,0.1253,9.625,0.75,0.634192551,0.643073313,105,tan
1.5409,0.0863,8.0625,0.5625,0.629032258,0.643073313,106,tan
1.1036,0.0114,5.6875,0.3125,0.649462366,0.643073313,107,tan
0.918,0.01462,5,1.375,0.654426009,0.643073313,108,tan
0.9345,0.02138,4.125,0.375,0.687785801,0.643073313,109,tan
1.0553,0.0431,4.1875,0.0625,0.688043557,0.643073313,110,tan
1.26915,0.04005,5.1875,0.9375,0.671554252,0.643073313,111,tan
1.16675,0.03475,7.0625,2.6875,0.669975186,0.643073313,112,tan
1.48555,0.03495,4.25,0.75,0.714088779,0.643073313,113,tan
1.688,0.0095,4.4375,0.0625,0.623770001,0.643073313,114,tan
1.5447,0.0003,4.5625,0.5625,0.639140402,0.643073313,115,tan
1.5168,0.0593,4.9375,0.8125,0.65773447,0.643073313,116,tan
1.0793,0.0159,6.4375,0.4375,0.653225806,0.643073313,117,tan
0.981875,0.014875,4.6875,0.3125,0.637109355,0.643073313,118,tan
1.263925,0.280675,2.75,0.125,0.636928876,0.643073313,119,tan
0.99899,0.04361,3.375,3.125,0.631899208,0.643073313,120,tan
0.996,0.0085,2.8125,1.0625,0.628471123,0.643073313,121,tan
2.01775,0.24085,3.1875,0.3125,0.652899357,0.643073313,122,tan
1.2702,0.0067,4.5625,0.1875,0.657010358,0.643073313,123,tan
1.04605,0.00985,5.875,1.25,0.620815581,0.643073313,124,tan
1.68515,0.26835,5.375,0.5,0.63753951,0.643073313,125,tan
1.00106,0.02044,4.1875,0.4375,0.649288122,0.643073313,126,tan
1.12281,0.18819,5.3125,1.1875,0.627266306,0.643073313,127,tan
1.08454,0.09466,5.375,0.5,0.640124545,0.643073313,128,tan
1.1229,0.0509,4.25,0.625,0.647942158,0.643073313,129,tan
1.0263,0.0042,3.5625,0.5625,0.640099675,0.643073313,130,tan
0.91544,0.00956,3.9375,0.5625,0.636746143,0.643073313,131,tan
0.88737,0.02725,4.5625,0.5625,0.637637543,0.643073313,132,tan
1.45405,0.00245,10.9375,1.4375,0.680851064,0.671743986,20,5y3high
1.52585,0.00635,11.8125,0.9375,0.673486659,0.671743986,21,5y3high
1.57105,0.02205,10.78571429,0.357142857,0.669818755,0.671743986,22,5y3high
1.51245,0.04505,4.125,0,0.676155539,0.671743986,23,5y3high
1.9803,0.2112,5.5,1.375,0.657892908,0.671743986,24,5y3high
1.8102,0.0293,7.375,1.125,0.66893617,0.671743986,25,5y3high
1.8575,0.0227,10.6,0.2,0.674408748,0.671743986,26,5y3high
2.54465,0.43285,7.5,0.9,0.674594977,0.671743986,27,5y3high
1.818,0.0759,12.875,2.125,0.675204195,0.671743986,28,5y3high
1.93905,0.00745,10,1.125,0.685046449,0.671743986,29,5y3high
1.7887,0.0238,12.6875,0.6875,0.680274071,0.671743986,30,5y3high
1.9277,0.0442,14.875,2.25,0.670212766,0.671743986,31,5y3high
2.17,0.017,10,0.875,0.675371857,0.671743986,32,5y3high
1.92575,0.02575,11.25,1.25,0.672679257,0.671743986,33,5y3high
2.1207,0.0272,15,0.25,0.671253469,0.671743986,34,5y3high
1.97545,0.04935,11.0625,0.0625,0.672614962,0.671743986,35,5y3high
2.0833,0.0375,9.625,3.125,0.67397912,0.671743986,36,5y3high
2.1676,0.0072,11.125,1.125,0.669617257,0.671743986,37,5y3high
2.3742,0.0672,15,2.25,0.669101496,0.671743986,38,5y3high
2.402,0.0611,11.125,2.5,0.661046434,0.671743986,39,5y3high
2.32685,0.01365,11.6875,1.8125,0.672189795,0.671743986,40,5y3high
2.58385,0.00675,10.02678571,1.401785714,0.674000755,0.671743986,41,5y3high
2.521,0.0159,5.1875,1.1875,0.670212766,0.671743986,42,5y3high
2.5492,0.0678,6.75,0.375,0.678850469,0.671743986,43,5y3high
2.919,0.0898,5.5625,0.0625,0.627339969,0.671743986,44,5y3high
3.37215,0.05635,6.5625,0.9375,0.622707903,0.671743986,45,5y3high
3.36025,0.00365,8.0625,0.3125,0.619834711,0.671743986,46,5y3high
3.2547,0.0803,7.6875,0.5625,0.644112779,0.671743986,47,5y3high
3.6049,0.0327,10.375,0,0.664893617,0.671743986,48,5y3high
3.3662,0.0237,3.0625,0.3125,0.662592947,0.671743986,49,5y3high
3.53875,0.00735,6.5,1.875,0.671288549,0.671743986,50,5y3high
3.6,0.321,8.75,0.375,0.675844806,0.671743986,51,5y3high
3.1911,0.2099,9.125,1.625,0.657953723,0.671743986,52,5y3high
3.14545,0.02565,8,0.875,0.672704263,0.671743986,53,5y3high
2.9429,0.0343,8.25,0,0.676622175,0.671743986,54,5y3high
3.27625,0.04385,7.5625,0.9375,0.665709437,0.671743986,55,5y3high
3.2348,0.0116,11.875,0,0.670803783,0.671743986,56,5y3high
3.0325,0.0407,11.375,1.875,0.663829787,0.671743986,57,5y3high
2.636,0.0346,8.8125,0.4375,0.674219398,0.671743986,58,5y3high
2.7616,0.001,10.0625,0.1875,0.682958962,0.671743986,59,5y3high
2.92665,0.03715,6.33974359,0.83974359,0.680080602,0.671743986,60,5y3high
2.7565,0.036,10.68421053,0.815789474,0.679719861,0.671743986,61,5y3high
3.1088,0.5582,10.5,1,0.673593491,0.671743986,62,5y3high
3.79045,0.24105,9.333333333,1.833333333,0.670628445,0.671743986,63,5y3high
2.9599,0.0451,9.8125,2.4375,0.674186106,0.671743986,64,5y3high
2.9856,0.083,8.8125,0.8125,0.668825162,0.671743986,65,5y3high
2.9045,0.0499,4.166666667,0,0.672275706,0.671743986,66,5y3high
2.81035,0.05175,5.9375,0.8125,0.69202333,0.671743986,67,5y3high
2.2899,0.0953,7.928571429,1.071428571,0.675322111,0.671743986,68,5y3high
2.33225,0.02675,7,0,0.67896505,0.671743986,69,5y3high
2.1949,0.1003,4.785714286,0.214285714,0.673607967,0.671743986,70,5y3high
2.7025,0.0925,4.5,0,0.66825409,0.671743986,71,5y3high
2.81015,0.05465,3,0.625,0.666596793,0.671743986,72,5y3high
3.431,0.0118,2.5,0.357142857,0.669238703,0.671743986,73,5y3high
3.3545,0.0535,3.1875,0.5625,0.663274746,0.671743986,74,5y3high
2.94045,0.05195,2.5,0,0.667799035,0.671743986,75,5y3high
3.374,0,4.1875,0.1875,0.677759874,0.671743986,76,5y3high
3.3081,0.0869,3.9375,0.3125,0.663031915,0.671743986,77,5y3high
2.71535,0.48085,3.625,0,0.661864251,0.671743986,78,5y3high
2.96305,0.10585,2.4375,0.3125,0.667462919,0.671743986,79,5y3high
3.31625,0.09265,2.25,0,0.723152035,0.671743986,80,5y3high
3.7317,0.0258,3.375,0.125,0.71504616,0.671743986,81,5y3high
4.07605,0.11005,4.75,0.25,0.705029014,0.671743986,82,5y3high
4.23,0.0255,4.5625,0.5625,0.694411971,0.671743986,83,5y3high
4.281,0.016,4.4375,0.4375,0.679214403,0.671743986,84,5y3high
3.8837,0.0212,6.125,0.25,0.675546024,0.671743986,85,5y3high
3.9617,0.0568,6.375,1,0.668082052,0.671743986,86,5y3high
3.87435,0.18485,5.6875,1.6875,0.664731645,0.671743986,87,5y3high
3.41885,0.22875,3.3125,1.5625,0.678191489,0.671743986,88,5y3high
2.9213,0.0663,9.6875,1.4375,0.666179839,0.671743986,89,5y3high
3.40555,0.58805,7.6875,1.9375,0.666161782,0.671743986,90,5y3high
2.61655,0.03155,7.625,0,0.666855335,0.671743986,91,5y3high
2.34425,0.03315,5.8125,2.6875,0.666169147,0.671743986,92,5y3high
2.5709,0.0973,13.25,0.875,0.681353378,0.671743986,93,5y3high
2.42885,0.03565,13.875,0.5,0.65972269,0.671743986,94,5y3high
2.0797,0.0091,14.875,1.625,0.664237409,0.671743986,95,5y3high
2.18425,0.01215,13.25,0.625,0.683985628,0.671743986,96,5y3high
1.51276,0.53214,11.375,2.75,0.680488137,0.671743986,97,5y3high
3.148,0.7074,16.625,1.25,0.670911632,0.671743986,98,5y3high
1.934,0.0306,18.8125,0.0625,0.671367954,0.671743986,99,5y3high
2.0071,0.0171,21.75,3.75,0.679567131,0.671743986,100,5y3high
1.60815,0.00625,22.375,0.625,0.677204381,0.671743986,101,5y3high
2.8339,0.2511,14.75,1.125,0.677150786,0.671743986,102,5y3high
1.64745,0.02205,15.9375,2.9375,0.661559457,0.671743986,103,5y3high
1.7641,0.1555,13.8125,2.3125,0.67150412,0.671743986,104,5y3high
1.5725,0.0727,16.625,1,0.663759548,0.671743986,105,5y3high
1.9749,0.0657,19.4375,2.0625,0.686810691,0.671743986,106,5y3high
1.7199,0.0251,20.4375,0.0625,0.669705413,0.671743986,107,5y3high
1.7941,0.0397,15.75,4.083333333,0.67790486,0.671743986,108,5y3high
1.5465,0.0155,11.625,4.25,0.672907023,0.671743986,109,5y3high
1.52745,0.04695,17.9375,1.4375,0.670496875,0.671743986,110,5y3high
1.7507,0.0592,6.4375,0.0625,0.673213982,0.671743986,111,5y3high
1.6863,0.2151,12.6875,6.5625,0.670682871,0.671743986,112,5y3high
1.5473,0.2441,12.07142857,0.785714286,0.668498667,0.671743986,113,5y3high
1.24365,0.03255,16.5,1.875,0.678816369,0.671743986,114,5y3high
1.18365,0.02025,17.33333333,0.666666667,0.659846927,0.671743986,115,5y3high
1.2721,0.0047,19.41666667,4.083333333,0.676174889,0.671743986,116,5y3high
1.09635,0.01615,18.5,0.5,0.6674318,0.671743986,117,5y3high
1.1981,0.0457,16.6875,0.1875,0.668067064,0.671743986,118,5y3high
1.4581,0.1631,11.08333333,1.416666667,0.671787267,0.671743986,119,5y3high
1.5304,0.0724,15.25,0.5,0.73675283,0.671743986,120,5y3high
1.09395,0.01105,17,0.166666667,0.652281783,0.671743986,121,5y3high
0.9385,0.03675,14.58333333,3.75,0.681373189,0.671743986,122,5y3high
1.28715,0.19975,21.58333333,0.416666667,0.658859901,0.671743986,123,5y3high
0.76375,0.00663,9.25,2.583333333,0.670011762,0.671743986,124,5y3high
1.0649,0.0899,12.33333333,4.333333333,0.660308144,0.671743986,125,5y3high
1.71995,0.61415,18.6875,0.3125,0.681798006,0.671743986,126,5y3high
0.97389,0.06551,8.75,4.583333333,0.677533574,0.671743986,127,5y3high
0.80294,0.01194,12.25,1.916666667,0.667702098,0.671743986,128,5y3high
1.16205,0.00685,15,0.5,0.674410906,0.671743986,129,5y3high
1.15785,0.01175,23.875,0.5,0.658319763,0.671743986,130,5y3high
0.734185,0.034565,15.08333333,0.083333333,0.670053985,0.671743986,131,5y3high
0.65619,0.04219,18.33333333,2.666666667,0.668693009,0.671743986,132,5y3high
1.005325,0.129575,19.5,5.166666667,0.676547932,0.671743986,133,5y3high
1.04955,0.03655,7.25,1.25,0.684372191,0.671743986,134,5y3high
1.5528,0.2794,11.25,4.125,0.659650186,0.671743986,135,5y3high
1.07275,0.02675,14,0.166666667,0.670814093,0.671743986,136,5y3high
1.67475,0.23435,10.08333333,3.416666667,0.654606805,0.671743986,137,5y3high
1.36735,0.32755,12.08333333,3.416666667,0.671441012,0.671743986,138,5y3high
0.737625,0.029375,15.33333333,1.166666667,0.664092423,0.671743986,139,5y3high
1.43,0.14,8.4,0.8,0.668806849,0.689798915,20,5g2
1.355,0.075,10.375,1.125,0.671509282,0.689798915,21,5g2
0.82,0,10.2,4.4,0.684278423,0.689798915,22,5g2
0.705,0.005,13.1,2.5,0.679707568,0.689798915,23,5g2
0.7,0.08,8.6,3.2,0.701754386,0.689798915,24,5g2
0.76,0.04,19.5,1.5,0.639573618,0.689798915,25,5g2
1.04,0.09,13.6875,4.8125,0.696101424,0.689798915,26,5g2
1.275,0.265,14.375,1.625,0.70053966,0.689798915,27,5g2
1.595,0.155,7.625,0.625,0.698573846,0.689798915,28,5g2
1.985,0.045,8.8125,0.5625,0.682505693,0.689798915,29,5g2
1.945,0.105,8.125,1.625,0.689121177,0.689798915,30,5g2
2.54,0.06,8.8125,0.5625,0.696766443,0.689798915,31,5g2
2.8,0.24,6.4375,2.4375,0.689104234,0.689798915,32,5g2
2.89,0.2,7.5625,0.1875,0.691876751,0.689798915,33,5g2
2.84,0.04,5.3125,0.8125,0.674135025,0.689798915,34,5g2
2.95,0.01,3.1875,0.6875,0.67181983,0.689798915,35,5g2
3.045,0.085,6.5,0.25,0.674698795,0.689798915,36,5g2
2.6,0.16,11.125,1,0.669866231,0.689798915,37,5g2
2.065,0.015,14.4375,0.6875,0.67077994,0.689798915,38,5g2
1.44,0.08,8.0625,1.1875,0.695684524,0.689798915,39,5g2
1.445,0.045,6.0625,2.5625,0.69239385,0.689798915,40,5g2
1.28,0.02,13.75,0.125,0.736403851,0.689798915,41,5g2
1.375,0.065,14.0625,5.8125,0.695743494,0.689798915,42,5g2
1.075,0.005,7.8125,3.0625,0.691767249,0.689798915,43,5g2
0.915,0.045,17.27678571,7.848214286,0.681593026,0.689798915,44,5g2
0.7,0.02,10.1875,2.1875,0.691851209,0.689798915,45,5g2
0.605,0.135,10.25,2.625,0.69070864,0.689798915,46,5g2
0.895,0.035,12,1.375,0.691673317,0.689798915,47,5g2
0.91,0.11,22.25,2.375,0.691912108,0.689798915,48,5g2
0.955,0.025,12.8125,4.1875,0.691673317,0.689798915,49,5g2
0.66,0.14,14.125,4,0.686880208,0.689798915,50,5g2
0.69,0.11,22.4375,0.6875,0.714897784,0.689798915,51,5g2
0.63,0.07,17,10.25,0.707070707,0.689798915,52,5g2
0.815,0.075,10.625,8.375,0.728568068,0.689798915,53,5g2
0.6,0.04,7.5,3.125,0.693625957,0.689798915,54,5g2
1.02,0.07,13.4375,0.6875,0.698678356,0.689798915,55,5g2
1.65,0.09,9.5,2.125,0.695471649,0.689798915,56,5g2
2.4,0.02,7.4375,2.4375,0.693448908,0.689798915,57,5g2
2.645,0.085,4.6875,1.6875,0.682505693,0.689798915,58,5g2
2.805,0.015,9.4375,0.0625,0.687208217,0.689798915,59,5g2
2.7,0.24,7.4375,0.6875,0.69047619,0.689798915,60,5g2
2.79,0.18,7.3125,0.8125,0.877055921,0.89230725,20,5r3
2.825,0.045,7.0625,0.4375,0.904828,0.89230725,21,5r3
1.91,0.04,13.0625,0.1875,0.890422778,0.89230725,22,5r3
0.58,0.03,20.6875,7.9375,0.901012006,0.89230725,23,5r3
0.085,0.015,23,1.125,0.891219221,0.89230725,24,5r3
0.115,0.025,10.7,0.1,0.890867947,0.89230725,25,5r3
3.45,0.2,4.6875,0.0625,0.889777636,0.89230725,26,5r3
1.98,0.17,13.0625,0.5625,0.890552742,0.89230725,27,5r3
2.05,0.2,17.8125,0.6875,0.89179653,0.89230725,28,5r3
1.7,0.19,19.6875,4.3125,0.892891415,0.89230725,29,5r3
0.85,0.05,22.5,0.875,0.89179653,0.89230725,30,5r3
0.415,0.045,20.8125,3.8125,0.896901728,0.89230725,31,5r3
0.235,0.015,19.5625,2.9375,0.917630399,0.89230725,32,5r3
0.795,0.135,9.5,1.75,0.852631579,0.89230725,33,5r3
0.895,0.055,8.4375,4.5625,0.903911154,0.89230725,34,5r3
1.53,0.24,5.625,1.625,0.889421277,0.89230725,35,5r3
2.03,0.19,10.1875,1.4375,0.887910152,0.89230725,36,5r3
2.055,0.075,6.625,4,0.900903485,0.89230725,37,5r3
4.5,0.22,0.375,0.25,0.964339528,0.950810858,28,5olow
5.02,0.52,1.1875,0.3125,0.962351199,0.950810858,29,5olow
5.22,0.15,1.5625,0.1875,0.956866345,0.950810858,30,5olow
4.675,0.165,1.072674419,0.322674419,0.9624813,0.950810858,31,5olow
4.26,0.03,2.25,0.375,0.955662145,0.950810858,32,5olow
4.05,0.11,3.25,0.125,0.959008835,0.950810858,33,5olow
3.955,0.345,3.25,0.25,0.960275386,0.950810858,34,5olow
3.54,0.33,3.9375,0.4375,0.960649453,0.950810858,35,5olow
2.705,0.075,6,0.625,0.953334227,0.950810858,36,5olow
2.435,0.005,6.086309524,0.461309524,0.934322282,0.950810858,37,5olow
2.1,0.03,6.6875,0.0625,0.923651983,0.950810858,38,5olow
2.025,0.025,4.625,0.375,0.925168119,0.950810858,39,5olow
2.415,0.025,5.75,0.375,0.94154789,0.950810858,40,5olow
2.845,0.115,4.1875,1.6875,0.962262642,0.950810858,41,5olow
3.07,0.09,3,0.125,0.973169866,0.950810858,42,5olow
3.715,0.405,3.625,1.625,0.962574262,0.950810858,43,5olow
3.035,0.205,2.3125,0.6875,0.956367933,0.950810858,44,5olow
2.79,0.23,1.375,0.875,0.942415366,0.950810858,45,5olow
3.245,0.135,0.945411392,0.320411392,0.951023215,0.950810858,46,5olow
4.1,0.29,1.6875,0.5625,0.94947227,0.950810858,47,5olow
4.365,0.085,1.4375,0.8125,0.940282225,0.950810858,48,5olow
4.75,0.13,1.489969136,0.114969136,0.936954973,0.950810858,49,5olow
4.2,0.3,2.278846154,0.028846154,0.946333188,0.950810858,50,5olow
3.885,0.185,3.875,0.25,0.950755178,0.950810858,51,5olow
3.975,0.015,4.6875,0.1875,0.931449696,0.950810858,52,5olow
4.08,0.12,4.3125,0.0625,0.936752701,0.950810858,53,5olow
3.575,0.195,4.125,0.5,0.942058759,0.950810858,54,5olow
3.24,0.04,5.75,1.125,0.940755137,0.950810858,55,5olow
3.1,0.3,3.875,0,0.936602672,0.950810858,56,5olow
2.83,0.19,6.719512195,0.719512195,0.962395295,0.950810858,57,5olow
2.94,0.09,6.4375,0.4375,0.961858912,0.950810858,58,5olow
2.93,0.05,7.3125,1.3125,0.951835125,0.950810858,59,5olow
2.89,0.12,6.5625,0.8125,0.959971375,0.950810858,60,5olow
2.41,0.13,7.1875,1.0625,0.961047402,0.950810858,61,5olow
1.95,0.22,5.4375,0.5625,0.945162321,0.950810858,62,5olow
1.945,0.015,1.75,0.875,0.956405909,0.950810858,63,5olow
2.3,0.04,2.8125,0.5625,0.957431652,0.950810858,64,5olow
2.39,0.24,2.625,0.875,0.960010026,0.950810858,65,5olow
2.67,0.06,1.3125,0.1875,0.960953504,0.950810858,66,5olow
2.745,0.085,1.75,0.625,0.95130295,0.950810858,67,5olow
3.09,0.07,1.3125,0.5625,0.955170752,0.950810858,68,5olow
3.71,0.23,1.1875,0.5625,0.947813548,0.950810858,69,5olow
3.135,0.045,1.8125,0.3125,0.954586094,0.950810858,70,5olow
2.935,0.165,1.6875,0.1875,0.941482345,0.950810858,71,5olow
2.35,0.03,1.0625,0.3125,0.949374225,0.950810858,72,5olow
1.39,0.16,1.125,0.25,0.949856102,0.950810858,73,5olow
1.04,0.01,0.6875,0.5625,0.947911085,0.950810858,74,5olow
0.83,0.05,0.1875,0.0625,0.945217333,0.950810858,75,5olow
0.795,0.055,0.375,0.125,0.951057305,0.950810858,76,5olow
2.99,0.02,1.875,0.5,0.990512334,0.996124238,20,5b2
3.11,0.15,1.875,0.125,0.999306037,0.996124238,21,5b2
2.945,0.125,1.328525641,0.046474359,0.995539466,0.996124238,22,5b2
2.885,0.145,1.75,0.375,1.014380101,0.996124238,23,5b2
2.855,0.225,1.125,0.375,1.009937974,0.996124238,24,5b2
2.48,0.13,1.75,1,1.009538099,0.996124238,25,5b2
2.76,0.08,1.5625,1.0625,1.013634852,0.996124238,26,5b2
1.395,0.105,2,1.25,1.038658763,0.996124238,27,5b2
3.495,0.085,4.125,0.25,1.010047594,0.996124238,28,5b2
3.7,0.04,6.375,0.5,1.021764745,0.996124238,29,5b2
4.14,0.01,6.4375,0.5625,1.020217223,0.996124238,30,5b2
3.27,0.28,8.25,0.375,0.982506376,0.996124238,31,5b2
2.49,0.19,6.5625,3.8125,0.98244926,0.996124238,32,5b2
1.25,0.03,9.8125,2.6875,0.952895128,0.996124238,33,5b2
0.465,0.055,17.3125,5.6875,0.897459002,0.996124238,34,5b2
0.125,0.035,9.75,0.25,1.039677872,0.996124238,35,5b2
1.135,0.015,3.25,0.25,0.986664264,0.996124238,36,5b2
1.08,0.06,8.3125,0.9375,0.989276314,0.996124238,37,5b2
0.555,0.015,8.625,1.375,0.986960385,0.996124238,38,5b2
0.71,0.01,3.8125,1.9375,0.988269795,0.996124238,39,5b2
0.685,0.095,3.5625,1.1875,0.988913425,0.996124238,40,5b2
4.045,0.415,0.5625,0.1875,1.151692224,1.14576061,12,5ohigh
4.195,0.055,0.375,0,1.132509542,1.14576061,13,5ohigh
4.265,0.165,0.506578947,0.243421053,1.137765104,1.14576061,14,5ohigh
4.335,0.075,0.625,0,1.130814472,1.14576061,15,5ohigh
4.23,0.24,0.441455696,0.191455696,1.132795421,1.14576061,16,5ohigh
4.285,0.435,0.625,0,1.117927224,1.14576061,17,5ohigh
3.81,0.45,1,0.375,1.151497528,1.14576061,18,5ohigh
3.765,0.065,1.0625,0.0625,1.158017236,1.14576061,19,5ohigh
3.925,0.105,0.4375,0.0625,1.147310265,1.14576061,20,5ohigh
3.985,0.635,0.6875,0.0625,1.146984753,1.14576061,21,5ohigh
3.75,0.1,0.285714286,0.285714286,1.159549959,1.14576061,22,5ohigh
3.465,0.295,0.75,0.375,1.14118051,1.14576061,23,5ohigh
3.905,0.275,0.125,0,1.147763663,1.14576061,24,5ohigh
3.64,0.2,0.785958904,0.035958904,1.190988189,1.14576061,25,5ohigh
4.37,0.29,0.5625,0.0625,1.161712134,1.14576061,26,5ohigh
4.2,0.05,0.8125,0.0625,1.123661534,1.14576061,27,5ohigh
3.795,0.725,5.375,1.875,1.022997014,1.166745273,20,5o2
3.63,0.21,4.3125,0.4375,1.26060468,1.166745273,21,5o2
3.92,0.1,4.4375,0.3125,1.166613257,1.166745273,22,5o2
4.695,0.175,3.125,0.25,1.148701277,1.166745273,23,5o2
4.68,0,1.9375,0.5625,1.13639691,1.166745273,24,5o2
1.945,0.045,1.875,0.125,1.165803109,1.166745273,25,5o2
0.655,0.075,1.75,0.125,1.160572823,1.166745273,26,5o2
3.255,0.475,2.5625,0.6875,1.123726633,1.166745273,27,5o2
3.255,0.475,1.1875,0.1875,1.359556302,1.166745273,28,5o2
3.19,0.18,1.75,0.5,1.177769362,1.166745273,29,5o2
4.22,0.13,2.125,0.375,1.17400959,1.166745273,30,5o2
2.225,0.205,1.5625,0.3125,1.069189592,1.166745273,31,5o2
5.16,0.06,4.6875,0.4375,1.13553032,1.166745273,32,5o2
4.19,0.34,2.0625,0.0625,1.134382016,1.166745273,33,5o2
3.715,0.145,2.25,1.125,1.130725847,1.166745273,34,5o2
4.04,0.47,3.75,0.875,1.140459563,1.166745273,35,5o2
4.045,0.315,4.1875,0.5625,1.148403062,1.166745273,36,5o2
3.035,0.245,4.0625,1.0625,1.143567082,1.166745273,37,5o2
2.7724,0,4.125,0,1.146504876,1.166745273,38,5o2
3.00295,0.11805,2.9375,0.1875,1.139304219,1.166745273,39,5o2
2.94795,0.03155,5.0625,0.6875,1.155913478,1.166745273,40,5o2
2.9987,0.0062,5.0625,0.6875,1.141242178,1.166745273,41,5o2
3.1695,0.022,6.1875,1.0625,1.082555149,1.166745273,42,5o2
2.3014,0.0338,8.25,0.375,1.079759753,1.166745273,43,5o2
2.03105,0.08895,9.25,0.875,1.10630695,1.166745273,44,5o2
2.0918,0.0142,10.625,0.75,1.127494771,1.166745273,45,5o2
2.2305,0.3979,9.75,1.125,1.170908816,1.166745273,46,5o2
1.9436,0.1244,3.875,1.625,1.17760871,1.166745273,47,5o2
1.9454,0.053,6.375,0.75,1.152935525,1.166745273,48,5o2
2.00445,0.05755,7.5625,1.4375,1.146615327,1.166745273,49,5o2
2.16475,0.28965,6.1875,0.1875,1.129107127,1.166745273,50,5o2
1.94665,0.05755,4.875,1,1.15457441,1.166745273,51,5o2
2.8689,0.2041,4.125,2.25,0.925202989,1.166745273,52,5o2
1.2766,0.2094,8.1875,1.8125,1.174022873,1.166745273,53,5o2
1.33745,0.00135,5.75,0.625,1.159466339,1.166745273,54,5o2
1.84505,0.07155,5.9375,1.1875,1.202041113,1.166745273,55,5o2
1.86305,0.06405,4.875,0.75,1.226919702,1.166745273,56,5o2
1.9606,0.1115,7,0.5,1.220646409,1.166745273,57,5o2
2.1353,0.1639,9.6875,0.0625,1.23196806,1.166745273,58,5o2
2.41365,0.36145,8.375,0.375,1.297244932,1.166745273,59,5o2
3.3028,0.1542,10.25,0,0.934434881,1.166745273,60,5o2
1.42345,0.13505,8.125,0.75,1.333228175,1.166745273,61,5o2
1.82155,0.15795,7.4375,0.6875,1.276484175,1.166745273,62,5o2
2.6588,0.0013,4.375,0.25,1.291449886,1.166745273,63,5o2
1.95275,0.12085,5.75,1.375,1.288932875,1.166745273,64,5o2
1.8653,0.0569,6.375,0.75,1.293706542,1.166745273,65,5o2
1.7016,0.0528,5.75,0,1.271439146,1.166745273,66,5o2
2.24595,0.01295,10.875,1.5,1.239620791,1.242681718,20,5b3low
2.3646,0.0054,10.125,1.5,1.23990959,1.242681718,21,5b3low
2.30005,0.01315,8.842948718,1.407051282,1.236842105,1.242681718,22,5b3low
2.53135,0.08225,9.8125,0.0625,1.268058604,1.242681718,23,5b3low
2.0081,0.0299,9.1875,2.6875,1.235816815,1.242681718,24,5b3low
1.92745,0.01665,10.6875,1.5625,1.234218674,1.242681718,25,5b3low
1.974,0.0298,6.488782051,2.386217949,1.221814983,1.242681718,26,5b3low
2.0717,0.0305,10.6875,0.1875,1.238467553,1.242681718,27,5b3low
2.1053,0.0019,9.625,0.875,1.232020758,1.242681718,28,5b3low
3.0634,0.0212,8.583333333,1.25,1.239393709,1.242681718,29,5b3low
1.9075,0.181,8.625,1.375,1.248485522,1.242681718,30,5b3low
1.85275,0.02065,6.625,0.25,1.249427918,1.242681718,31,5b3low
1.9405,0.1349,4.083333333,0.083333333,1.236742045,1.242681718,32,5b3low
2.4144,0.0612,9.0625,2.3125,1.245258896,1.242681718,33,5b3low
2.02855,0.11355,10.21428571,3.785714286,1.230919526,1.242681718,34,5b3low
2.23565,0.07275,9.571428571,0.714285714,1.228167371,1.242681718,35,5b3low
2.2648,0.0817,8.833333333,0.666666667,1.238969765,1.242681718,36,5b3low
2.6116,0.0066,8.875,1.625,1.257384778,1.242681718,37,5b3low
2.71945,0.00105,9.25,2.25,1.247601763,1.242681718,38,5b3low
3.10265,0.33555,5.75,0.916666667,1.240480015,1.242681718,39,5b3low
2.9865,0.1155,7.9375,0.0625,1.23020595,1.242681718,40,5b3low
2.71685,0.08505,8.1875,0.4375,1.24192835,1.242681718,41,5b3low
2.4415,0.0219,6.9375,0.5625,1.232896771,1.242681718,42,5b3low
2.82615,0.01365,7.3125,0.3125,1.231578947,1.242681718,43,5b3low
2.53255,0.01095,6.125,1.25,1.242105263,1.242681718,44,5b3low
2.2912,0.0098,7.375,0.5,1.244194036,1.242681718,45,5b3low
2.60605,0.00405,6.4375,0.9375,1.212923264,1.242681718,46,5b3low
2.4549,0.0033,9.5,0.125,1.222593452,1.242681718,47,5b3low
2.59495,0.27055,9.375,1.625,1.220095694,1.242681718,48,5b3low
2.57625,0.07275,9.5625,0.1875,1.231058415,1.242681718,49,5b3low
2.7907,0.0157,7.6875,0.1875,1.233468286,1.242681718,50,5b3low
2.78635,0.13455,8.6875,1.0625,1.255163225,1.242681718,51,5b3low
2.82255,0.02695,7.5,1.25,1.240488155,1.242681718,52,5b3low
2.74965,0.08755,10.5625,1.1875,1.232386691,1.242681718,53,5b3low
2.4264,0.0622,7.4375,1.0625,1.237059591,1.242681718,54,5b3low
2.51485,0.06575,8,2.125,1.23852533,1.242681718,55,5b3low
2.4237,0.0301,4.625,1.625,1.239404758,1.242681718,56,5b3low
2.49225,0.10565,10,1,1.234901037,1.242681718,57,5b3low
2.17795,0.07385,7.25,0.75,1.244002066,1.242681718,58,5b3low
2.58785,0.07705,8.1875,1.0625,1.24706068,1.242681718,59,5b3low
2.13225,0.00725,7.25,0.25,1.240758641,1.242681718,60,5b3low
2.4018,0.1327,7.25,1.25,1.240241387,1.242681718,61,5b3low
2.4344,0.0264,7.5625,0.5625,1.23770162,1.242681718,62,5b3low
2.18655,0.08135,7.25,0.625,1.236224891,1.242681718,63,5b3low
2.75935,0.15415,9.8125,2.1875,1.230887438,1.242681718,64,5b3low
2.1962,0.0154,9.625,0.5,1.234470136,1.242681718,65,5b3low
2.3938,0.077,8.3125,0.1875,1.263157895,1.242681718,66,5b3low
2.3799,0.0007,8.5,0.125,1.253247785,1.242681718,67,5b3low
2.6095,0.0824,4.75,1,1.241189931,1.242681718,68,5b3low
2.7325,0.063,5.125,1.25,1.237379162,1.242681718,69,5b3low
3.1887,0.0027,5.9375,1.1875,1.233951932,1.242681718,70,5b3low
2.98195,0.00445,9.5,1.125,1.240570477,1.242681718,71,5b3low
3.21315,0.06005,5.125,0.5,1.262079195,1.242681718,72,5b3low
3.2553,0.0227,6.5,2.25,1.2421212,1.242681718,73,5b3low
3.4301,0.1835,5.875,0.25,1.242531541,1.242681718,74,5b3low
3.097,0.0662,5,2.625,1.25622223,1.242681718,75,5b3low
3.1568,0.0243,4.3125,1.6875,1.239731376,1.242681718,76,5b3low
4.39315,0.17665,3.358974359,0.358974359,1.236761233,1.242681718,77,5b3low
3.5259,0.1045,2.579905063,0.204905063,1.234214833,1.242681718,78,5b3low
2.59715,0.00665,6.3125,3.1875,1.260114141,1.242681718,79,5b3low
2.8038,0.0542,4,0.625,1.252744392,1.242681718,80,5b3low
2.4329,0.1703,4.75,0.125,1.239629925,1.242681718,81,5b3low
2.5015,0.0709,8.1875,1.1875,1.238172354,1.242681718,82,5b3low
2.5033,0.0301,9.3125,0.0625,1.235903036,1.242681718,83,5b3low
2.7062,0.2022,7.625,0.375,1.234849692,1.242681718,84,5b3low
2.94035,0.07955,7.109156666,0.485780043,1.228537279,1.242681718,85,5b3low
2.27065,0.05475,4.535601266,1.160601266,1.260968713,1.242681718,86,5b3low
2.4406,0.041,7.5625,0.9375,1.253338293,1.242681718,87,5b3low
2.46055,0.05095,7.6875,0.9375,1.237326445,1.242681718,88,5b3low
2.24995,0.17995,8.3125,1.4375,1.238916345,1.242681718,89,5b3low
2.73385,0.09695,4.9375,0.0625,1.233103753,1.242681718,90,5b3low
3.43475,0.05115,5.696202532,0.253164557,1.240098217,1.242681718,91,5b3low
2.9193,0.0083,9.029605263,0.345394737,1.24119757,1.242681718,92,5b3low
2.64885,0.01065,6.25,0,1.240295308,1.242681718,93,5b3low
2.5315,0.0069,6.875,0.625,1.254205677,1.242681718,94,5b3low
2.4946,0.051,7.5,0.25,1.309043685,1.242681718,95,5b3low
2.99865,0.24115,7.4375,0.1875,1.301484829,1.242681718,96,5b3low
2.95,0.0474,7.0625,0.3125,1.27572663,1.242681718,97,5b3low
2.9147,0.0237,7.5,2.25,1.260542661,1.242681718,98,5b3low
3.17915,0.03405,8.125,1.25,1.258426966,1.242681718,99,5b3low
3.2183,0.0672,5.662974684,0.412974684,1.270941438,1.242681718,100,5b3low
3.33865,0.11285,7.599358974,0.349358974,1.24337891,1.242681718,101,5b3low
2.75225,0.05275,5.409722222,1.034722222,1.245528336,1.242681718,102,5b3low
2.70585,0.03935,7.5625,1.0625,1.225318804,1.242681718,103,5b3low
3.0024,0.0102,4.125,0.375,1.245410411,1.242681718,104,5b3low
3.13555,0.02605,7.625,0.25,1.23067404,1.242681718,105,5b3low
2.38115,0.18065,6.9375,1.4375,1.245217628,1.242681718,106,5b3low
2.839,0.0625,7.5,0.642857143,1.23170998,1.242681718,107,5b3low
2.7205,0.1023,5.6875,1.6875,1.238218943,1.242681718,108,5b3low
2.6195,0.024,5.6875,1.3125,1.245366938,1.242681718,109,5b3low
3.68675,0.46635,7.9375,0.6875,1.249398005,1.242681718,110,5b3low
3.00685,0.06705,7,0.375,1.238497545,1.242681718,111,5b3low
2.8737,0.0291,5.75,0.625,1.244304792,1.242681718,112,5b3low
2.8429,0.0301,6.9375,0.4375,1.238405749,1.242681718,113,5b3low
3.51895,0.16895,1.875,0,1.414237031,1.368598676,134,5b3high
3.8932,0.3157,2.0625,0.8125,1.406373076,1.368598676,135,5b3high
3.7966,0.2528,1.75,0.125,1.340328313,1.368598676,136,5b3high
3.5093,0.0263,1.5625,0.4375,1.374379345,1.368598676,137,5b3high
3.2941,0.0275,1.3125,0.0625,1.349534975,1.368598676,138,5b3high
3.87745,0.06405,1.520833333,0.145833333,1.346433398,1.368598676,139,5b3high
3.79205,0.08315,1.55,0.05,1.390092879,1.368598676,140,5b3high
3.8752,0.077,1.74769908,0.115046018,1.410279662,1.368598676,141,5b3high
3.15025,0.42925,1.9,0.7,1.360950764,1.368598676,142,5b3high
4.01425,0.14865,1.68627451,0.31372549,1.360323887,1.368598676,143,5b3high
3.79245,0.07265,2.4,0.6,1.374865736,1.368598676,144,5b3high
3.44155,0.18945,2.6,0.1,1.356940314,1.368598676,145,5b3high
3.5038,0.0218,2.280392157,0.319607843,1.370906321,1.368598676,146,5b3high
3.06615,0.09275,2.45,0.25,1.376813332,1.368598676,147,5b3high
3.7736,0.0588,2.6,0.2,1.372997712,1.368598676,148,5b3high
3.7827,0.0331,3.25,0.25,1.37016094,1.368598676,149,5b3high
3.593,0.0425,2.1,0.5,1.381784897,1.368598676,150,5b3high
3.8675,0.1679,1.75,0.35,1.366369447,1.368598676,151,5b3high
3.4795,0.0953,2.15,0.05,1.371226102,1.368598676,152,5b3high
3.3686,0.0698,1.95,0.05,1.35860082,1.368598676,153,5b3high
3.17015,0.03465,2.2,0.7,1.416228963,1.368598676,154,5b3high
3.7562,0.0837,3.05,0.05,1.368719249,1.368598676,155,5b3high
3.17255,0.03705,3.15,0.35,1.362964934,1.368598676,156,5b3high
3.59065,0.11015,2.75,0.35,1.381812519,1.368598676,157,5b3high
3.2184,0.0828,2.45,0.35,1.371789474,1.368598676,158,5b3high
3.437,0.064,2.3,0.3,1.336186718,1.368598676,159,5b3high
3.3678,0.053,2.25,0.35,1.375608425,1.368598676,160,5b3high
3.17375,0.07065,3.3,0.5,1.36438917,1.368598676,161,5b3high
3.933,0.0234,4.016666667,0.683333333,1.379418696,1.368598676,162,5b3high
3.2842,0.0298,3.15,0.95,1.365789474,1.368598676,163,5b3high
3.00755,0.11205,2.6,0.5,1.377990431,1.368598676,164,5b3high
2.9935,0.3009,2.8,0.9,1.365721997,1.368598676,165,5b3high
3.19995,0.06655,2.05,0.75,1.391072618,1.368598676,166,5b3high
2.85515,0.21535,3.05,0.25,1.341929434,1.368598676,167,5b3high
3.3018,0.1556,2.7,0.4,1.380605213,1.368598676,168,5b3high
3.95415,0.09035,3.395833333,1.104166667,1.338250084,1.368598676,169,5b3high
3.28565,0.01485,3.169607843,0.130392157,1.363336243,1.368598676,170,5b3high
3.4474,0.179,2.85,0.35,1.380889116,1.368598676,171,5b3high
3.18285,0.03505,2.85,0.45,1.375743707,1.368598676,172,5b3high
3.50025,0.01325,3.25,0.35,1.383157895,1.368598676,173,5b3high
2.9204,0.0016,2.75,0.55,1.363286264,1.368598676,174,5b3high
3.80875,0.20025,4.15,0.05,1.376053963,1.368598676,175,5b3high
3.26775,0.11615,4.5,0.2,1.408371322,1.368598676,176,5b3high
3.1178,0.0258,4,0.5,1.340754686,1.368598676,177,5b3high
3.40955,0.06145,4.25,0.25,1.371175226,1.368598676,178,5b3high
3.225,0.1648,3.5,0.8,1.354060997,1.368598676,179,5b3high
3.19435,0.02145,3.9,0.9,1.417808219,1.368598676,180,5b3high
2.9088,0.0817,3.05,0.15,1.357711138,1.368598676,181,5b3high
3.2716,0.0438,3.4,0.1,1.373164946,1.368598676,182,5b3high
3.4727,0.0477,3.2,0.3,1.377727856,1.368598676,183,5b3high
3.5121,0.2061,4.391666667,0.191666667,1.367275108,1.368598676,184,5b3high
3.1519,0.051,3.2,0.5,1.372642473,1.368598676,185,5b3high
3.2715,0.168,2.35,0.35,1.378268251,1.368598676,186,5b3high
3.5453,0.1128,4.25,0.85,1.376858704,1.368598676,187,5b3high
3.09565,0.08445,3.95,0.15,1.357922609,1.368598676,188,5b3high
3.44525,0.00015,2.95,0.35,1.367883996,1.368598676,189,5b3high
3.55555,0.07545,3.8,0.8,1.361096578,1.368598676,190,5b3high
3.24975,0.19075,3.25,0.55,1.361923327,1.368598676,191,5b3high
4.32595,0.21885,4.1,0.4,1.37113602,1.368598676,192,5b3high
3.56735,0.05415,2.8,0,1.411252269,1.368598676,193,5b3high
3.7562,0.0098,3.05,0.55,1.361842105,1.368598676,194,5b3high
3.9981,0.0023,3.3,0,1.360801864,1.368598676,195,5b3high
3.8896,0.0054,4.2,0.4,1.341173892,1.368598676,196,5b3high
3.49565,0.15855,4.7,0.8,1.341727525,1.368598676,197,5b3high
3.84885,0.22995,4,0.7,1.338876104,1.368598676,198,5b3high
3.6053,0.0518,3.5,0.9,1.352355833,1.368598676,199,5b3high
2.94075,0.03135,3.7,1.4,1.349460608,1.368598676,200,5b3high
2.8765,0.1884,2.7,0.1,1.346328785,1.368598676,201,5b3high
2.8859,0.0379,2.35,0.15,1.350799022,1.368598676,202,5b3high
2.81255,0.29995,2.7,1.4,1.362604088,1.368598676,203,5b3high
2.90535,0.27185,3.15,0.55,1.362476957,1.368598676,204,5b3high
2.79525,0.03435,1.75,0.15,1.36410519,1.368598676,205,5b3high
3.52815,0.14505,1.8,0.5,1.36371998,1.368598676,206,5b3high
4.05995,0.18085,3.15,0.45,1.360902256,1.368598676,207,5b3high
3.49115,0.08535,2.75,0.15,1.362247966,1.368598676,208,5b3high
4.36735,0.46955,3.75,0.25,1.360257198,1.368598676,209,5b3high
3.54685,0.03305,2.4,0.2,1.376689458,1.368598676,210,5b3high
3.57895,0.05195,2.8,0.5,1.364916953,1.368598676,211,5b3high
3.7544,0.0172,2.8,0.6,1.376518219,1.368598676,212,5b3high
3.5185,0.0574,2.65,0.85,1.362211914,1.368598676,213,5b3high
3.5863,0.1055,2.55,0.45,1.35806271,1.368598676,214,5b3high
3.72375,0.13585,2.4,0.1,1.362264434,1.368598676,215,5b3high
3.41165,0.29945,2.3,0.5,1.367032788,1.368598676,216,5b3high
3.1522,0.0652,3.15,0.75,1.384374238,1.368598676,217,5b3high
3.21355,0.20035,1.856060606,0.643939394,1.336811416,1.368598676,218,5b3high
2.5677,0.0638,3.6,0.2,1.368345487,1.368598676,219,5b3high
3.29215,0.04435,3.05,0.35,1.363236786,1.368598676,220,5b3high
2.14,0.2095,3.95,0.35,1.382186235,1.368598676,221,5b3high
2.6578,0.0944,3.1,0.2,1.37468929,1.368598676,222,5b3high
3.05655,0.05355,4.65,0.65,1.375284244,1.368598676,223,5b3high
